"Site","Transect","Quadrat","Species","Avg_Count"
"EP",1,1,"AMPH",0
"EP",1,1,"AROS",0
"EP",1,1,"CAMA",0
"EP",1,1,"FUHE",0
"EP",1,1,"FUMA",0
"EP",1,1,"PUGIO",0
"EP",1,1,"SES",1
"EP",1,1,"UPU",0
"EP",1,1,"UPX",2.5
"EP",1,2,"AMPH",1
"EP",1,2,"AROS",0
"EP",1,2,"CAMA",0
"EP",1,2,"FUHE",0
"EP",1,2,"FUMA",0
"EP",1,2,"PUGIO",0
"EP",1,2,"SES",0
"EP",1,2,"UPU",1
"EP",1,2,"UPX",5.66666666666667
"EP",1,3,"AMPH",0
"EP",1,3,"AROS",0
"EP",1,3,"CAMA",0
"EP",1,3,"FUHE",0
"EP",1,3,"FUMA",0
"EP",1,3,"PUGIO",0
"EP",1,3,"SES",0
"EP",1,3,"UPU",2
"EP",1,3,"UPX",5.33333333333333
"EP",1,4,"AMPH",0
"EP",1,4,"AROS",0
"EP",1,4,"CAMA",0
"EP",1,4,"FUHE",0
"EP",1,4,"FUMA",0
"EP",1,4,"PUGIO",0
"EP",1,4,"SES",0
"EP",1,4,"UPU",0.5
"EP",1,4,"UPX",7
"EP",2,1,"AMPH",0
"EP",2,1,"AROS",0
"EP",2,1,"CAMA",0
"EP",2,1,"FUHE",0
"EP",2,1,"FUMA",0
"EP",2,1,"PUGIO",0
"EP",2,1,"SES",0
"EP",2,1,"UPU",0
"EP",2,1,"UPX",1.33333333333333
"EP",2,2,"AMPH",1.5
"EP",2,2,"AROS",0
"EP",2,2,"CAMA",0
"EP",2,2,"FUHE",0
"EP",2,2,"FUMA",0
"EP",2,2,"PUGIO",0
"EP",2,2,"SES",0
"EP",2,2,"UPU",0
"EP",2,2,"UPX",7
"EP",2,3,"AMPH",1
"EP",2,3,"AROS",0
"EP",2,3,"CAMA",0
"EP",2,3,"FUHE",0
"EP",2,3,"FUMA",0
"EP",2,3,"PUGIO",0
"EP",2,3,"SES",0
"EP",2,3,"UPU",1.5
"EP",2,3,"UPX",6
"EP",2,4,"AMPH",1
"EP",2,4,"AROS",0
"EP",2,4,"CAMA",0
"EP",2,4,"FUHE",0
"EP",2,4,"FUMA",0
"EP",2,4,"PUGIO",0
"EP",2,4,"SES",0
"EP",2,4,"UPU",3
"EP",2,4,"UPX",10.3333333333333
"EP",3,1,"AMPH",0
"EP",3,1,"AROS",0
"EP",3,1,"CAMA",0
"EP",3,1,"FUHE",0
"EP",3,1,"FUMA",0
"EP",3,1,"PUGIO",0
"EP",3,1,"SES",0
"EP",3,1,"UPU",0
"EP",3,1,"UPX",1.33333333333333
"EP",3,2,"AMPH",0
"EP",3,2,"AROS",0
"EP",3,2,"CAMA",1
"EP",3,2,"FUHE",0
"EP",3,2,"FUMA",0
"EP",3,2,"PUGIO",0
"EP",3,2,"SES",0
"EP",3,2,"UPU",0
"EP",3,2,"UPX",4.5
"EP",3,3,"AMPH",0
"EP",3,3,"AROS",0
"EP",3,3,"CAMA",0
"EP",3,3,"FUHE",0
"EP",3,3,"FUMA",0
"EP",3,3,"PUGIO",0
"EP",3,3,"SES",0
"EP",3,3,"UPU",0
"EP",3,3,"UPX",5
"EP",3,4,"AMPH",1
"EP",3,4,"AROS",0
"EP",3,4,"CAMA",0
"EP",3,4,"FUHE",0
"EP",3,4,"FUMA",0
"EP",3,4,"PUGIO",0
"EP",3,4,"SES",0
"EP",3,4,"UPU",1
"EP",3,4,"UPX",5.66666666666667
"EP",4,1,"AMPH",0
"EP",4,1,"AROS",0
"EP",4,1,"CAMA",0
"EP",4,1,"FUHE",0
"EP",4,1,"FUMA",0
"EP",4,1,"PUGIO",0
"EP",4,1,"SES",0
"EP",4,1,"UPU",0
"EP",4,1,"UPX",2.5
"EP",4,2,"AMPH",0
"EP",4,2,"AROS",0
"EP",4,2,"CAMA",0
"EP",4,2,"FUHE",0
"EP",4,2,"FUMA",0
"EP",4,2,"PUGIO",0
"EP",4,2,"SES",0
"EP",4,2,"UPU",0
"EP",4,2,"UPX",4
"EP",4,3,"AMPH",0
"EP",4,3,"AROS",0
"EP",4,3,"CAMA",0
"EP",4,3,"FUHE",0
"EP",4,3,"FUMA",0
"EP",4,3,"PUGIO",0
"EP",4,3,"SES",0
"EP",4,3,"UPU",0
"EP",4,3,"UPX",1.5
"EP",4,4,"AMPH",0
"EP",4,4,"AROS",0
"EP",4,4,"CAMA",0
"EP",4,4,"FUHE",0
"EP",4,4,"FUMA",0
"EP",4,4,"PUGIO",0
"EP",4,4,"SES",0
"EP",4,4,"UPU",0
"EP",4,4,"UPX",1.2
"EP",5,1,"AMPH",0
"EP",5,1,"AROS",0
"EP",5,1,"CAMA",0
"EP",5,1,"FUHE",1
"EP",5,1,"FUMA",0
"EP",5,1,"PUGIO",0
"EP",5,1,"SES",1.5
"EP",5,1,"UPU",0
"EP",5,1,"UPX",0
"EP",5,2,"AMPH",0
"EP",5,2,"AROS",0
"EP",5,2,"CAMA",0
"EP",5,2,"FUHE",0
"EP",5,2,"FUMA",0
"EP",5,2,"PUGIO",4
"EP",5,2,"SES",0
"EP",5,2,"UPU",0
"EP",5,2,"UPX",7.16666666666667
"EP",5,3,"AMPH",0
"EP",5,3,"AROS",0
"EP",5,3,"CAMA",21
"EP",5,3,"FUHE",5.5
"EP",5,3,"FUMA",0
"EP",5,3,"PUGIO",0
"EP",5,3,"SES",0
"EP",5,3,"UPU",1.16666666666667
"EP",5,3,"UPX",11
"EP",5,4,"AMPH",0
"EP",5,4,"AROS",0
"EP",5,4,"CAMA",0
"EP",5,4,"FUHE",0
"EP",5,4,"FUMA",0
"EP",5,4,"PUGIO",0
"EP",5,4,"SES",0
"EP",5,4,"UPU",0.5
"EP",5,4,"UPX",8.33333333333333
"EP",6,1,"AMPH",0
"EP",6,1,"AROS",0
"EP",6,1,"CAMA",0
"EP",6,1,"FUHE",0
"EP",6,1,"FUMA",0
"EP",6,1,"PUGIO",0
"EP",6,1,"SES",1.5
"EP",6,1,"UPU",0
"EP",6,1,"UPX",0.666666666666667
"EP",6,2,"AMPH",0
"EP",6,2,"AROS",0
"EP",6,2,"CAMA",22
"EP",6,2,"FUHE",0
"EP",6,2,"FUMA",0
"EP",6,2,"PUGIO",0
"EP",6,2,"SES",0
"EP",6,2,"UPU",0
"EP",6,2,"UPX",4.83333333333333
"EP",6,3,"AMPH",0
"EP",6,3,"AROS",0
"EP",6,3,"CAMA",0
"EP",6,3,"FUHE",0
"EP",6,3,"FUMA",0
"EP",6,3,"PUGIO",0
"EP",6,3,"SES",0
"EP",6,3,"UPU",1.33333333333333
"EP",6,3,"UPX",5.66666666666667
"EP",6,4,"AMPH",0
"EP",6,4,"AROS",0
"EP",6,4,"CAMA",0
"EP",6,4,"FUHE",0
"EP",6,4,"FUMA",0
"EP",6,4,"PUGIO",0
"EP",6,4,"SES",0
"EP",6,4,"UPU",0
"EP",6,4,"UPX",7.16666666666667
"EP",7,1,"AMPH",0
"EP",7,1,"AROS",0
"EP",7,1,"CAMA",0
"EP",7,1,"FUHE",0
"EP",7,1,"FUMA",0
"EP",7,1,"PUGIO",0
"EP",7,1,"SES",0
"EP",7,1,"UPU",0
"EP",7,1,"UPX",0
"EP",7,2,"AMPH",0
"EP",7,2,"AROS",0
"EP",7,2,"CAMA",0
"EP",7,2,"FUHE",0
"EP",7,2,"FUMA",0
"EP",7,2,"PUGIO",0
"EP",7,2,"SES",0
"EP",7,2,"UPU",0
"EP",7,2,"UPX",5.33333333333333
"EP",7,3,"AMPH",0
"EP",7,3,"AROS",0
"EP",7,3,"CAMA",0
"EP",7,3,"FUHE",0
"EP",7,3,"FUMA",0
"EP",7,3,"PUGIO",0
"EP",7,3,"SES",0
"EP",7,3,"UPU",2
"EP",7,3,"UPX",5.66666666666667
"EP",7,4,"AMPH",0
"EP",7,4,"AROS",0
"EP",7,4,"CAMA",0
"EP",7,4,"FUHE",0
"EP",7,4,"FUMA",0
"EP",7,4,"PUGIO",0
"EP",7,4,"SES",0
"EP",7,4,"UPU",1
"EP",7,4,"UPX",4.66666666666667
"EP",8,1,"AMPH",0
"EP",8,1,"AROS",0
"EP",8,1,"CAMA",0
"EP",8,1,"FUHE",0
"EP",8,1,"FUMA",0
"EP",8,1,"PUGIO",0
"EP",8,1,"SES",0
"EP",8,1,"UPU",0.5
"EP",8,1,"UPX",0
"EP",8,2,"AMPH",0
"EP",8,2,"AROS",0
"EP",8,2,"CAMA",0
"EP",8,2,"FUHE",0
"EP",8,2,"FUMA",0
"EP",8,2,"PUGIO",0
"EP",8,2,"SES",1
"EP",8,2,"UPU",0
"EP",8,2,"UPX",4.33333333333333
"EP",8,3,"AMPH",0
"EP",8,3,"AROS",0
"EP",8,3,"CAMA",0
"EP",8,3,"FUHE",0
"EP",8,3,"FUMA",0
"EP",8,3,"PUGIO",0
"EP",8,3,"SES",0
"EP",8,3,"UPU",0
"EP",8,3,"UPX",0.666666666666667
"EP",8,4,"AMPH",0
"EP",8,4,"AROS",0
"EP",8,4,"CAMA",0
"EP",8,4,"FUHE",0
"EP",8,4,"FUMA",0
"EP",8,4,"PUGIO",0
"EP",8,4,"SES",0
"EP",8,4,"UPU",4
"EP",8,4,"UPX",2.66666666666667
"EP",9,1,"AMPH",0
"EP",9,1,"AROS",0
"EP",9,1,"CAMA",0
"EP",9,1,"FUHE",0
"EP",9,1,"FUMA",0
"EP",9,1,"PUGIO",0
"EP",9,1,"SES",0
"EP",9,1,"UPU",0
"EP",9,1,"UPX",0.75
"EP",9,2,"AMPH",0
"EP",9,2,"AROS",0
"EP",9,2,"CAMA",0
"EP",9,2,"FUHE",0
"EP",9,2,"FUMA",0
"EP",9,2,"PUGIO",0
"EP",9,2,"SES",0
"EP",9,2,"UPU",0
"EP",9,2,"UPX",4.66666666666667
"EP",9,3,"AMPH",0
"EP",9,3,"AROS",0
"EP",9,3,"CAMA",0
"EP",9,3,"FUHE",0
"EP",9,3,"FUMA",0
"EP",9,3,"PUGIO",0
"EP",9,3,"SES",0
"EP",9,3,"UPU",0
"EP",9,3,"UPX",2.66666666666667
"EP",9,4,"AMPH",0
"EP",9,4,"AROS",0
"EP",9,4,"CAMA",0
"EP",9,4,"FUHE",0
"EP",9,4,"FUMA",0
"EP",9,4,"PUGIO",0
"EP",9,4,"SES",0
"EP",9,4,"UPU",0
"EP",9,4,"UPX",0.5
"EP",10,1,"AMPH",0
"EP",10,1,"AROS",0
"EP",10,1,"CAMA",0
"EP",10,1,"FUHE",0
"EP",10,1,"FUMA",0
"EP",10,1,"PUGIO",0
"EP",10,1,"SES",2
"EP",10,1,"UPU",0
"EP",10,1,"UPX",2.66666666666667
"EP",10,2,"AMPH",0
"EP",10,2,"AROS",0
"EP",10,2,"CAMA",0
"EP",10,2,"FUHE",0
"EP",10,2,"FUMA",0
"EP",10,2,"PUGIO",0
"EP",10,2,"SES",0
"EP",10,2,"UPU",0
"EP",10,2,"UPX",4.66666666666667
"EP",10,3,"AMPH",0
"EP",10,3,"AROS",0
"EP",10,3,"CAMA",0
"EP",10,3,"FUHE",0
"EP",10,3,"FUMA",0
"EP",10,3,"PUGIO",0
"EP",10,3,"SES",0
"EP",10,3,"UPU",2
"EP",10,3,"UPX",7
"EP",10,4,"AMPH",0
"EP",10,4,"AROS",0
"EP",10,4,"CAMA",0
"EP",10,4,"FUHE",0
"EP",10,4,"FUMA",0
"EP",10,4,"PUGIO",0
"EP",10,4,"SES",0
"EP",10,4,"UPU",0
"EP",10,4,"UPX",0.333333333333333
"EP",11,1,"AMPH",0
"EP",11,1,"AROS",0
"EP",11,1,"CAMA",0
"EP",11,1,"FUHE",0
"EP",11,1,"FUMA",0
"EP",11,1,"PUGIO",0
"EP",11,1,"SES",0
"EP",11,1,"UPU",0
"EP",11,1,"UPX",0.5
"EP",11,2,"AMPH",0
"EP",11,2,"AROS",0
"EP",11,2,"CAMA",0
"EP",11,2,"FUHE",0
"EP",11,2,"FUMA",0
"EP",11,2,"PUGIO",0
"EP",11,2,"SES",0
"EP",11,2,"UPU",0
"EP",11,2,"UPX",5
"EP",11,3,"AMPH",0
"EP",11,3,"AROS",0
"EP",11,3,"CAMA",0
"EP",11,3,"FUHE",0
"EP",11,3,"FUMA",0
"EP",11,3,"PUGIO",0
"EP",11,3,"SES",0
"EP",11,3,"UPU",0
"EP",11,3,"UPX",5
"EP",11,4,"AMPH",0
"EP",11,4,"AROS",0
"EP",11,4,"CAMA",0
"EP",11,4,"FUHE",0
"EP",11,4,"FUMA",0
"EP",11,4,"PUGIO",0
"EP",11,4,"SES",0
"EP",11,4,"UPU",0
"EP",11,4,"UPX",6
"EP",12,1,"AMPH",0
"EP",12,1,"AROS",0
"EP",12,1,"CAMA",0
"EP",12,1,"FUHE",0
"EP",12,1,"FUMA",0
"EP",12,1,"PUGIO",0
"EP",12,1,"SES",0
"EP",12,1,"UPU",0
"EP",12,1,"UPX",3.5
"EP",12,2,"AMPH",2
"EP",12,2,"AROS",0
"EP",12,2,"CAMA",0
"EP",12,2,"FUHE",0
"EP",12,2,"FUMA",0
"EP",12,2,"PUGIO",0
"EP",12,2,"SES",0
"EP",12,2,"UPU",0
"EP",12,2,"UPX",2
"EP",12,3,"AMPH",13
"EP",12,3,"AROS",0
"EP",12,3,"CAMA",0
"EP",12,3,"FUHE",0
"EP",12,3,"FUMA",0
"EP",12,3,"PUGIO",0
"EP",12,3,"SES",0
"EP",12,3,"UPU",0
"EP",12,3,"UPX",1.66666666666667
"EP",12,4,"AMPH",0
"EP",12,4,"AROS",0
"EP",12,4,"CAMA",0
"EP",12,4,"FUHE",0
"EP",12,4,"FUMA",0
"EP",12,4,"PUGIO",0
"EP",12,4,"SES",0
"EP",12,4,"UPU",0
"EP",12,4,"UPX",3.2
"GC",1,1,"AMPH",3
"GC",1,1,"CAMA",3.5
"GC",1,2,"AMPH",1
"GC",1,2,"CAMA",0.666666666666667
"GC",1,3,"AMPH",0
"GC",1,3,"CAMA",1.5
"GC",1,4,"AMPH",0
"GC",1,4,"CAMA",0.5
"GC",1,NA,"AMPH",0
"GC",1,NA,"CAMA",0
"GC",2,1,"AMPH",0
"GC",2,1,"CAMA",1.25
"GC",2,2,"AMPH",1
"GC",2,2,"CAMA",2
"GC",2,3,"AMPH",0
"GC",2,3,"CAMA",1.5
"GC",2,4,"AMPH",0
"GC",2,4,"CAMA",1.25
"GC",3,1,"AMPH",2
"GC",3,1,"CAMA",1.25
"GC",3,2,"AMPH",2
"GC",3,2,"CAMA",3.75
"GC",3,3,"AMPH",1
"GC",3,3,"CAMA",1.75
"GC",3,4,"AMPH",0
"GC",3,4,"CAMA",2
"GC",4,1,"AMPH",0
"GC",4,1,"CAMA",0.5
"GC",4,2,"AMPH",0
"GC",4,2,"CAMA",1.25
"GC",4,3,"AMPH",0
"GC",4,3,"CAMA",2
"GC",4,4,"AMPH",0
"GC",4,4,"CAMA",1.25
"GC",5,1,"AMPH",0
"GC",5,1,"CAMA",0.666666666666667
"GC",5,2,"AMPH",0
"GC",5,2,"CAMA",0.666666666666667
"GC",5,3,"AMPH",0
"GC",5,3,"CAMA",1
"GC",5,4,"AMPH",0
"GC",5,4,"CAMA",0.666666666666667
"GC",6,1,"AMPH",0
"GC",6,1,"CAMA",0.5
"GC",6,2,"AMPH",0
"GC",6,2,"CAMA",0.5
"GC",6,3,"AMPH",0
"GC",6,3,"CAMA",1
"GC",6,4,"AMPH",0
"GC",6,4,"CAMA",0.5
"GC",6,5,"AMPH",0
"GC",6,5,"CAMA",0
"GC",7,1,"AMPH",0
"GC",7,1,"CAMA",0.25
"GC",7,2,"AMPH",0
"GC",7,2,"CAMA",2
"GC",7,3,"AMPH",0
"GC",7,3,"CAMA",2.25
"GC",7,4,"AMPH",0
"GC",7,4,"CAMA",0.5
"GC",8,1,"AMPH",0
"GC",8,1,"CAMA",0.5
"GC",8,2,"AMPH",1
"GC",8,2,"CAMA",1.5
"GC",8,3,"AMPH",0
"GC",8,3,"CAMA",1.5
"GC",8,4,"AMPH",3
"GC",8,4,"CAMA",1
"GC",9,1,"AMPH",0
"GC",9,1,"CAMA",0.25
"GC",9,2,"AMPH",0
"GC",9,2,"CAMA",1
"GC",9,3,"AMPH",0
"GC",9,3,"CAMA",1.5
"GC",9,4,"AMPH",0
"GC",9,4,"CAMA",1.25
"GC",10,1,"AMPH",0
"GC",10,1,"CAMA",0.5
"GC",10,2,"AMPH",0
"GC",10,2,"CAMA",1
"GC",10,3,"AMPH",0
"GC",10,3,"CAMA",0.75
"GC",10,4,"AMPH",0
"GC",10,4,"CAMA",1.5
"GC",11,1,"AMPH",0
"GC",11,1,"CAMA",0.75
"GC",11,2,"AMPH",0
"GC",11,2,"CAMA",0.5
"GC",11,3,"AMPH",0
"GC",11,3,"CAMA",1
"GC",11,4,"AMPH",0
"GC",11,4,"CAMA",0.25
"GC",12,1,"AMPH",0
"GC",12,1,"CAMA",0.5
"GC",12,2,"AMPH",0
"GC",12,2,"CAMA",1.75
"GC",12,3,"AMPH",0
"GC",12,3,"CAMA",1
"GC",12,4,"AMPH",0
"GC",12,4,"CAMA",1.33333333333333
"GC",12,5,"AMPH",0
"GC",12,5,"CAMA",0
"Med",1,1,"AMPH",0
"Med",1,1,"CASA",0
"Med",1,1,"GRYL",0
"Med",1,1,"HOG",0
"Med",1,1,"MEBI",0
"Med",1,1,"OPX",0
"Med",1,1,"PARD",0
"Med",1,1,"PUGIO",0
"Med",1,1,"SES",1
"Med",1,1,"UPU",0
"Med",1,1,"UPX",0
"Med",1,2,"AMPH",0
"Med",1,2,"CASA",0
"Med",1,2,"GRYL",0
"Med",1,2,"HOG",0
"Med",1,2,"MEBI",0
"Med",1,2,"OPX",3
"Med",1,2,"PARD",0
"Med",1,2,"PUGIO",0
"Med",1,2,"SES",3.5
"Med",1,2,"UPU",4
"Med",1,2,"UPX",2
"Med",1,3,"AMPH",0
"Med",1,3,"CASA",0
"Med",1,3,"GRYL",0
"Med",1,3,"HOG",0
"Med",1,3,"MEBI",0
"Med",1,3,"OPX",2.5
"Med",1,3,"PARD",0
"Med",1,3,"PUGIO",0
"Med",1,3,"SES",2
"Med",1,3,"UPU",4
"Med",1,3,"UPX",1
"Med",1,4,"AMPH",0
"Med",1,4,"CASA",0
"Med",1,4,"GRYL",0
"Med",1,4,"HOG",0
"Med",1,4,"MEBI",0
"Med",1,4,"OPX",12
"Med",1,4,"PARD",0
"Med",1,4,"PUGIO",0
"Med",1,4,"SES",3
"Med",1,4,"UPU",0
"Med",1,4,"UPX",0
"Med",1,5,"AMPH",0
"Med",1,5,"CASA",0
"Med",1,5,"GRYL",0
"Med",1,5,"HOG",0
"Med",1,5,"MEBI",0
"Med",1,5,"OPX",0
"Med",1,5,"PARD",0
"Med",1,5,"PUGIO",0
"Med",1,5,"SES",0
"Med",1,5,"UPU",0
"Med",1,5,"UPX",0
"Med",2,1,"AMPH",0
"Med",2,1,"CASA",0
"Med",2,1,"GRYL",0
"Med",2,1,"HOG",0
"Med",2,1,"MEBI",0
"Med",2,1,"OPX",0
"Med",2,1,"PARD",0
"Med",2,1,"PUGIO",0
"Med",2,1,"SES",0
"Med",2,1,"UPU",0
"Med",2,1,"UPX",0
"Med",2,2,"AMPH",0
"Med",2,2,"CASA",0
"Med",2,2,"GRYL",0
"Med",2,2,"HOG",0
"Med",2,2,"MEBI",1
"Med",2,2,"OPX",1
"Med",2,2,"PARD",0
"Med",2,2,"PUGIO",0
"Med",2,2,"SES",0
"Med",2,2,"UPU",0
"Med",2,2,"UPX",0
"Med",2,3,"AMPH",0
"Med",2,3,"CASA",0
"Med",2,3,"GRYL",0
"Med",2,3,"HOG",0
"Med",2,3,"MEBI",0
"Med",2,3,"OPX",0
"Med",2,3,"PARD",0
"Med",2,3,"PUGIO",0
"Med",2,3,"SES",0
"Med",2,3,"UPU",0
"Med",2,3,"UPX",0
"Med",2,4,"AMPH",0
"Med",2,4,"CASA",0
"Med",2,4,"GRYL",0
"Med",2,4,"HOG",0
"Med",2,4,"MEBI",0
"Med",2,4,"OPX",0
"Med",2,4,"PARD",0
"Med",2,4,"PUGIO",0
"Med",2,4,"SES",0
"Med",2,4,"UPU",0
"Med",2,4,"UPX",0
"Med",2,5,"AMPH",0
"Med",2,5,"CASA",0
"Med",2,5,"GRYL",0
"Med",2,5,"HOG",0
"Med",2,5,"MEBI",0
"Med",2,5,"OPX",0
"Med",2,5,"PARD",0
"Med",2,5,"PUGIO",0
"Med",2,5,"SES",0
"Med",2,5,"UPU",0
"Med",2,5,"UPX",0
"Med",3,1,"AMPH",1
"Med",3,1,"CASA",0
"Med",3,1,"GRYL",0
"Med",3,1,"HOG",0
"Med",3,1,"MEBI",0
"Med",3,1,"OPX",1
"Med",3,1,"PARD",0
"Med",3,1,"PUGIO",0
"Med",3,1,"SES",1.2
"Med",3,1,"UPU",1
"Med",3,1,"UPX",1
"Med",3,2,"AMPH",1
"Med",3,2,"CASA",0
"Med",3,2,"GRYL",0
"Med",3,2,"HOG",0
"Med",3,2,"MEBI",0
"Med",3,2,"OPX",1.5
"Med",3,2,"PARD",0
"Med",3,2,"PUGIO",0
"Med",3,2,"SES",0
"Med",3,2,"UPU",1
"Med",3,2,"UPX",1
"Med",3,3,"AMPH",0
"Med",3,3,"CASA",0
"Med",3,3,"GRYL",0
"Med",3,3,"HOG",1
"Med",3,3,"MEBI",0
"Med",3,3,"OPX",0
"Med",3,3,"PARD",0
"Med",3,3,"PUGIO",0
"Med",3,3,"SES",0
"Med",3,3,"UPU",0
"Med",3,3,"UPX",0
"Med",3,4,"AMPH",0
"Med",3,4,"CASA",0
"Med",3,4,"GRYL",0
"Med",3,4,"HOG",0
"Med",3,4,"MEBI",0
"Med",3,4,"OPX",0
"Med",3,4,"PARD",0
"Med",3,4,"PUGIO",0
"Med",3,4,"SES",0
"Med",3,4,"UPU",0
"Med",3,4,"UPX",0
"Med",3,5,"AMPH",0
"Med",3,5,"CASA",0
"Med",3,5,"GRYL",0
"Med",3,5,"HOG",0
"Med",3,5,"MEBI",0
"Med",3,5,"OPX",0
"Med",3,5,"PARD",0
"Med",3,5,"PUGIO",0
"Med",3,5,"SES",0
"Med",3,5,"UPU",0
"Med",3,5,"UPX",0
"Med",4,1,"AMPH",0
"Med",4,1,"CASA",0
"Med",4,1,"GRYL",0
"Med",4,1,"HOG",0
"Med",4,1,"MEBI",0
"Med",4,1,"OPX",0
"Med",4,1,"PARD",0
"Med",4,1,"PUGIO",0
"Med",4,1,"SES",1
"Med",4,1,"UPU",0
"Med",4,1,"UPX",0
"Med",4,2,"AMPH",0
"Med",4,2,"CASA",0
"Med",4,2,"GRYL",0
"Med",4,2,"HOG",0
"Med",4,2,"MEBI",0
"Med",4,2,"OPX",0
"Med",4,2,"PARD",0
"Med",4,2,"PUGIO",0
"Med",4,2,"SES",0
"Med",4,2,"UPU",0
"Med",4,2,"UPX",0
"Med",4,3,"AMPH",0
"Med",4,3,"CASA",0
"Med",4,3,"GRYL",0
"Med",4,3,"HOG",0
"Med",4,3,"MEBI",0
"Med",4,3,"OPX",0
"Med",4,3,"PARD",0
"Med",4,3,"PUGIO",0
"Med",4,3,"SES",0
"Med",4,3,"UPU",0
"Med",4,3,"UPX",4
"Med",4,4,"AMPH",0
"Med",4,4,"CASA",0
"Med",4,4,"GRYL",0
"Med",4,4,"HOG",0
"Med",4,4,"MEBI",0
"Med",4,4,"OPX",0
"Med",4,4,"PARD",0
"Med",4,4,"PUGIO",0
"Med",4,4,"SES",0
"Med",4,4,"UPU",0
"Med",4,4,"UPX",15
"Med",4,5,"AMPH",5
"Med",4,5,"CASA",0
"Med",4,5,"GRYL",1
"Med",4,5,"HOG",1
"Med",4,5,"MEBI",0
"Med",4,5,"OPX",0
"Med",4,5,"PARD",0
"Med",4,5,"PUGIO",0
"Med",4,5,"SES",0
"Med",4,5,"UPU",0
"Med",4,5,"UPX",0
"Med",5,1,"AMPH",0
"Med",5,1,"CASA",0
"Med",5,1,"GRYL",0
"Med",5,1,"HOG",0
"Med",5,1,"MEBI",0
"Med",5,1,"OPX",0
"Med",5,1,"PARD",0
"Med",5,1,"PUGIO",0
"Med",5,1,"SES",1
"Med",5,1,"UPU",0
"Med",5,1,"UPX",3
"Med",5,2,"AMPH",0
"Med",5,2,"CASA",0
"Med",5,2,"GRYL",0
"Med",5,2,"HOG",0
"Med",5,2,"MEBI",0
"Med",5,2,"OPX",0
"Med",5,2,"PARD",0
"Med",5,2,"PUGIO",0
"Med",5,2,"SES",3
"Med",5,2,"UPU",0
"Med",5,2,"UPX",3.2
"Med",5,3,"AMPH",0
"Med",5,3,"CASA",0
"Med",5,3,"GRYL",0
"Med",5,3,"HOG",0
"Med",5,3,"MEBI",0
"Med",5,3,"OPX",0
"Med",5,3,"PARD",0
"Med",5,3,"PUGIO",0
"Med",5,3,"SES",0
"Med",5,3,"UPU",0
"Med",5,3,"UPX",3
"Med",5,4,"AMPH",0
"Med",5,4,"CASA",0
"Med",5,4,"GRYL",0
"Med",5,4,"HOG",0
"Med",5,4,"MEBI",0
"Med",5,4,"OPX",0
"Med",5,4,"PARD",0
"Med",5,4,"PUGIO",0
"Med",5,4,"SES",0
"Med",5,4,"UPU",0
"Med",5,4,"UPX",5
"Med",5,5,"AMPH",5.66666666666667
"Med",5,5,"CASA",0
"Med",5,5,"GRYL",0
"Med",5,5,"HOG",0
"Med",5,5,"MEBI",0
"Med",5,5,"OPX",0
"Med",5,5,"PARD",0
"Med",5,5,"PUGIO",0
"Med",5,5,"SES",0
"Med",5,5,"UPU",0
"Med",5,5,"UPX",0
"Med",6,1,"AMPH",1
"Med",6,1,"CASA",0
"Med",6,1,"GRYL",0
"Med",6,1,"HOG",0
"Med",6,1,"MEBI",0
"Med",6,1,"OPX",0
"Med",6,1,"PARD",0
"Med",6,1,"PUGIO",0
"Med",6,1,"SES",1.2
"Med",6,1,"UPU",0
"Med",6,1,"UPX",0
"Med",6,2,"AMPH",1
"Med",6,2,"CASA",0
"Med",6,2,"GRYL",0
"Med",6,2,"HOG",0
"Med",6,2,"MEBI",0
"Med",6,2,"OPX",1
"Med",6,2,"PARD",0
"Med",6,2,"PUGIO",0
"Med",6,2,"SES",3
"Med",6,2,"UPU",2
"Med",6,2,"UPX",0
"Med",6,3,"AMPH",2
"Med",6,3,"CASA",0
"Med",6,3,"GRYL",0
"Med",6,3,"HOG",0
"Med",6,3,"MEBI",0
"Med",6,3,"OPX",0
"Med",6,3,"PARD",0
"Med",6,3,"PUGIO",0
"Med",6,3,"SES",3
"Med",6,3,"UPU",0
"Med",6,3,"UPX",2.33333333333333
"Med",6,4,"AMPH",1
"Med",6,4,"CASA",0
"Med",6,4,"GRYL",0
"Med",6,4,"HOG",0
"Med",6,4,"MEBI",0
"Med",6,4,"OPX",0
"Med",6,4,"PARD",0
"Med",6,4,"PUGIO",1
"Med",6,4,"SES",1.75
"Med",6,4,"UPU",0
"Med",6,4,"UPX",0
"Med",6,5,"AMPH",0
"Med",6,5,"CASA",0
"Med",6,5,"GRYL",0
"Med",6,5,"HOG",0
"Med",6,5,"MEBI",0
"Med",6,5,"OPX",0
"Med",6,5,"PARD",0
"Med",6,5,"PUGIO",0
"Med",6,5,"SES",0
"Med",6,5,"UPU",0
"Med",6,5,"UPX",1
"Med",7,1,"AMPH",0
"Med",7,1,"CASA",0
"Med",7,1,"GRYL",0
"Med",7,1,"HOG",0
"Med",7,1,"MEBI",0
"Med",7,1,"OPX",0
"Med",7,1,"PARD",0
"Med",7,1,"PUGIO",0
"Med",7,1,"SES",0
"Med",7,1,"UPU",0
"Med",7,1,"UPX",0
"Med",7,2,"AMPH",0
"Med",7,2,"CASA",0
"Med",7,2,"GRYL",0
"Med",7,2,"HOG",0
"Med",7,2,"MEBI",0
"Med",7,2,"OPX",0
"Med",7,2,"PARD",0
"Med",7,2,"PUGIO",0
"Med",7,2,"SES",1.33333333333333
"Med",7,2,"UPU",0
"Med",7,2,"UPX",1
"Med",7,3,"AMPH",0
"Med",7,3,"CASA",0
"Med",7,3,"GRYL",0
"Med",7,3,"HOG",0
"Med",7,3,"MEBI",0
"Med",7,3,"OPX",0
"Med",7,3,"PARD",0
"Med",7,3,"PUGIO",0
"Med",7,3,"SES",6.5
"Med",7,3,"UPU",1
"Med",7,3,"UPX",3
"Med",7,4,"AMPH",0
"Med",7,4,"CASA",0
"Med",7,4,"GRYL",0
"Med",7,4,"HOG",0
"Med",7,4,"MEBI",0
"Med",7,4,"OPX",0
"Med",7,4,"PARD",0
"Med",7,4,"PUGIO",0
"Med",7,4,"SES",0
"Med",7,4,"UPU",0
"Med",7,4,"UPX",0
"Med",7,5,"AMPH",6.5
"Med",7,5,"CASA",0
"Med",7,5,"GRYL",1
"Med",7,5,"HOG",0
"Med",7,5,"MEBI",6.5
"Med",7,5,"OPX",0
"Med",7,5,"PARD",0
"Med",7,5,"PUGIO",0
"Med",7,5,"SES",0
"Med",7,5,"UPU",0
"Med",7,5,"UPX",0
"Med",8,1,"AMPH",0
"Med",8,1,"CASA",0
"Med",8,1,"GRYL",0
"Med",8,1,"HOG",0
"Med",8,1,"MEBI",0
"Med",8,1,"OPX",0
"Med",8,1,"PARD",0
"Med",8,1,"PUGIO",0
"Med",8,1,"SES",0
"Med",8,1,"UPU",0
"Med",8,1,"UPX",0
"Med",8,2,"AMPH",0
"Med",8,2,"CASA",0
"Med",8,2,"GRYL",0
"Med",8,2,"HOG",0
"Med",8,2,"MEBI",0
"Med",8,2,"OPX",0
"Med",8,2,"PARD",0
"Med",8,2,"PUGIO",0
"Med",8,2,"SES",1
"Med",8,2,"UPU",1
"Med",8,2,"UPX",1.33333333333333
"Med",8,3,"AMPH",0
"Med",8,3,"CASA",0
"Med",8,3,"GRYL",0
"Med",8,3,"HOG",0
"Med",8,3,"MEBI",0
"Med",8,3,"OPX",0
"Med",8,3,"PARD",0
"Med",8,3,"PUGIO",0
"Med",8,3,"SES",0
"Med",8,3,"UPU",0
"Med",8,3,"UPX",2
"Med",8,4,"AMPH",0
"Med",8,4,"CASA",0
"Med",8,4,"GRYL",0
"Med",8,4,"HOG",0
"Med",8,4,"MEBI",0
"Med",8,4,"OPX",0
"Med",8,4,"PARD",0
"Med",8,4,"PUGIO",0
"Med",8,4,"SES",0
"Med",8,4,"UPU",0
"Med",8,4,"UPX",1
"Med",8,5,"AMPH",17
"Med",8,5,"CASA",0
"Med",8,5,"GRYL",0
"Med",8,5,"HOG",0
"Med",8,5,"MEBI",0
"Med",8,5,"OPX",0
"Med",8,5,"PARD",0
"Med",8,5,"PUGIO",0
"Med",8,5,"SES",0
"Med",8,5,"UPU",0
"Med",8,5,"UPX",0
"Med",9,1,"AMPH",0
"Med",9,1,"CASA",0
"Med",9,1,"GRYL",0
"Med",9,1,"HOG",0
"Med",9,1,"MEBI",0
"Med",9,1,"OPX",0
"Med",9,1,"PARD",0
"Med",9,1,"PUGIO",0
"Med",9,1,"SES",0
"Med",9,1,"UPU",0
"Med",9,1,"UPX",0
"Med",9,2,"AMPH",0
"Med",9,2,"CASA",0
"Med",9,2,"GRYL",0
"Med",9,2,"HOG",0
"Med",9,2,"MEBI",0
"Med",9,2,"OPX",0
"Med",9,2,"PARD",0
"Med",9,2,"PUGIO",0
"Med",9,2,"SES",0
"Med",9,2,"UPU",0
"Med",9,2,"UPX",1
"Med",9,3,"AMPH",0
"Med",9,3,"CASA",0
"Med",9,3,"GRYL",0
"Med",9,3,"HOG",0
"Med",9,3,"MEBI",0
"Med",9,3,"OPX",0
"Med",9,3,"PARD",0
"Med",9,3,"PUGIO",0
"Med",9,3,"SES",0
"Med",9,3,"UPU",0
"Med",9,3,"UPX",0
"Med",9,4,"AMPH",0
"Med",9,4,"CASA",0
"Med",9,4,"GRYL",0
"Med",9,4,"HOG",0
"Med",9,4,"MEBI",0
"Med",9,4,"OPX",0
"Med",9,4,"PARD",0
"Med",9,4,"PUGIO",0
"Med",9,4,"SES",0
"Med",9,4,"UPU",0
"Med",9,4,"UPX",0
"Med",9,5,"AMPH",8
"Med",9,5,"CASA",0
"Med",9,5,"GRYL",0
"Med",9,5,"HOG",0
"Med",9,5,"MEBI",0
"Med",9,5,"OPX",0
"Med",9,5,"PARD",0
"Med",9,5,"PUGIO",0
"Med",9,5,"SES",0
"Med",9,5,"UPU",0
"Med",9,5,"UPX",0
"Med",10,1,"AMPH",0
"Med",10,1,"CASA",0
"Med",10,1,"GRYL",0
"Med",10,1,"HOG",0
"Med",10,1,"MEBI",0
"Med",10,1,"OPX",0
"Med",10,1,"PARD",0
"Med",10,1,"PUGIO",2
"Med",10,1,"SES",0
"Med",10,1,"UPU",0
"Med",10,1,"UPX",0
"Med",10,2,"AMPH",0
"Med",10,2,"CASA",0
"Med",10,2,"GRYL",0
"Med",10,2,"HOG",0
"Med",10,2,"MEBI",0
"Med",10,2,"OPX",0
"Med",10,2,"PARD",0
"Med",10,2,"PUGIO",0
"Med",10,2,"SES",0
"Med",10,2,"UPU",0
"Med",10,2,"UPX",0
"Med",10,3,"AMPH",0
"Med",10,3,"CASA",0
"Med",10,3,"GRYL",0
"Med",10,3,"HOG",0
"Med",10,3,"MEBI",1
"Med",10,3,"OPX",0
"Med",10,3,"PARD",0
"Med",10,3,"PUGIO",0
"Med",10,3,"SES",0
"Med",10,3,"UPU",0
"Med",10,3,"UPX",2
"Med",10,4,"AMPH",6.5
"Med",10,4,"CASA",0
"Med",10,4,"GRYL",0
"Med",10,4,"HOG",0
"Med",10,4,"MEBI",1
"Med",10,4,"OPX",0
"Med",10,4,"PARD",0
"Med",10,4,"PUGIO",0
"Med",10,4,"SES",0
"Med",10,4,"UPU",0
"Med",10,4,"UPX",0
"Med",10,5,"AMPH",0
"Med",10,5,"CASA",0
"Med",10,5,"GRYL",0
"Med",10,5,"HOG",1
"Med",10,5,"MEBI",0
"Med",10,5,"OPX",0
"Med",10,5,"PARD",0
"Med",10,5,"PUGIO",0
"Med",10,5,"SES",0
"Med",10,5,"UPU",0
"Med",10,5,"UPX",0
"Med",11,1,"AMPH",0
"Med",11,1,"CASA",0
"Med",11,1,"GRYL",0
"Med",11,1,"HOG",0
"Med",11,1,"MEBI",0
"Med",11,1,"OPX",0
"Med",11,1,"PARD",0
"Med",11,1,"PUGIO",0
"Med",11,1,"SES",0
"Med",11,1,"UPU",0
"Med",11,1,"UPX",0
"Med",11,2,"AMPH",0
"Med",11,2,"CASA",0
"Med",11,2,"GRYL",0
"Med",11,2,"HOG",0
"Med",11,2,"MEBI",0
"Med",11,2,"OPX",0
"Med",11,2,"PARD",0
"Med",11,2,"PUGIO",0
"Med",11,2,"SES",1
"Med",11,2,"UPU",0
"Med",11,2,"UPX",2
"Med",11,3,"AMPH",0
"Med",11,3,"CASA",0
"Med",11,3,"GRYL",0
"Med",11,3,"HOG",0
"Med",11,3,"MEBI",0
"Med",11,3,"OPX",0
"Med",11,3,"PARD",0
"Med",11,3,"PUGIO",0
"Med",11,3,"SES",1
"Med",11,3,"UPU",0
"Med",11,3,"UPX",0
"Med",11,4,"AMPH",1
"Med",11,4,"CASA",0
"Med",11,4,"GRYL",0
"Med",11,4,"HOG",0
"Med",11,4,"MEBI",0
"Med",11,4,"OPX",0
"Med",11,4,"PARD",1
"Med",11,4,"PUGIO",0
"Med",11,4,"SES",0
"Med",11,4,"UPU",0
"Med",11,4,"UPX",0
"Med",11,5,"AMPH",1
"Med",11,5,"CASA",0
"Med",11,5,"GRYL",0
"Med",11,5,"HOG",0
"Med",11,5,"MEBI",0
"Med",11,5,"OPX",0
"Med",11,5,"PARD",1
"Med",11,5,"PUGIO",0
"Med",11,5,"SES",0
"Med",11,5,"UPU",0
"Med",11,5,"UPX",0
"Med",12,1,"AMPH",0
"Med",12,1,"CASA",0
"Med",12,1,"GRYL",0
"Med",12,1,"HOG",0
"Med",12,1,"MEBI",0
"Med",12,1,"OPX",0
"Med",12,1,"PARD",0
"Med",12,1,"PUGIO",0
"Med",12,1,"SES",0
"Med",12,1,"UPU",0
"Med",12,1,"UPX",0
"Med",12,2,"AMPH",0
"Med",12,2,"CASA",0
"Med",12,2,"GRYL",0
"Med",12,2,"HOG",0
"Med",12,2,"MEBI",0
"Med",12,2,"OPX",0
"Med",12,2,"PARD",0
"Med",12,2,"PUGIO",0
"Med",12,2,"SES",1.25
"Med",12,2,"UPU",0
"Med",12,2,"UPX",1.33333333333333
"Med",12,3,"AMPH",0
"Med",12,3,"CASA",0
"Med",12,3,"GRYL",0
"Med",12,3,"HOG",0
"Med",12,3,"MEBI",0
"Med",12,3,"OPX",0
"Med",12,3,"PARD",0
"Med",12,3,"PUGIO",0
"Med",12,3,"SES",0
"Med",12,3,"UPU",0
"Med",12,3,"UPX",1
"Med",12,4,"AMPH",0
"Med",12,4,"CASA",0
"Med",12,4,"GRYL",0
"Med",12,4,"HOG",0
"Med",12,4,"MEBI",0
"Med",12,4,"OPX",0
"Med",12,4,"PARD",0
"Med",12,4,"PUGIO",0
"Med",12,4,"SES",0
"Med",12,4,"UPU",0
"Med",12,4,"UPX",1
"Med",12,5,"AMPH",0
"Med",12,5,"CASA",0
"Med",12,5,"GRYL",0
"Med",12,5,"HOG",0
"Med",12,5,"MEBI",0
"Med",12,5,"OPX",0
"Med",12,5,"PARD",0
"Med",12,5,"PUGIO",0
"Med",12,5,"SES",0
"Med",12,5,"UPU",0
"Med",12,5,"UPX",0
"N",1,1,"CAMA",0
"N",1,1,"LIB",0.5
"N",1,1,"SES",0.5
"N",2,1,"CAMA",0.5
"N",2,1,"LIB",0
"N",2,1,"SES",0
"N",3,1,"CAMA",0
"N",3,1,"LIB",0
"N",3,1,"SES",0
"N",4,1,"CAMA",0.5
"N",4,1,"LIB",0
"N",4,1,"SES",0
"N",5,1,"CAMA",0
"N",5,1,"LIB",0
"N",5,1,"SES",0
"N",6,1,"CAMA",0.5
"N",6,1,"LIB",0
"N",6,1,"SES",1
"N",7,1,"CAMA",0
"N",7,1,"LIB",0
"N",7,1,"SES",0.5
"N",8,1,"CAMA",0
"N",8,1,"LIB",0.5
"N",8,1,"SES",1.5
"N",9,1,"CAMA",0
"N",9,1,"LIB",0
"N",9,1,"SES",0
"N",10,1,"CAMA",0
"N",10,1,"LIB",0
"N",10,1,"SES",0
"N",11,1,"CAMA",0
"N",11,1,"LIB",0
"N",11,1,"SES",0
"N",12,1,"CAMA",0
"N",12,1,"LIB",0
"N",12,1,"SES",0
"PI",1,1,"AMPH",0
"PI",1,1,"CAMA",1
"PI",1,1,"FUHE",0
"PI",1,1,"NASC",0
"PI",1,1,"TANI",0
"PI",1,2,"AMPH",8.66666666666667
"PI",1,2,"CAMA",6
"PI",1,2,"FUHE",0
"PI",1,2,"NASC",0
"PI",1,2,"TANI",0
"PI",1,3,"AMPH",1
"PI",1,3,"CAMA",2
"PI",1,3,"FUHE",0
"PI",1,3,"NASC",0
"PI",1,3,"TANI",0
"PI",1,4,"AMPH",0.5
"PI",1,4,"CAMA",2
"PI",1,4,"FUHE",0
"PI",1,4,"NASC",0
"PI",1,4,"TANI",0
"PI",2,1,"AMPH",0
"PI",2,1,"CAMA",2
"PI",2,1,"FUHE",0
"PI",2,1,"NASC",0
"PI",2,1,"TANI",0
"PI",2,2,"AMPH",14.6666666666667
"PI",2,2,"CAMA",0
"PI",2,2,"FUHE",0
"PI",2,2,"NASC",0
"PI",2,2,"TANI",1
"PI",2,3,"AMPH",1
"PI",2,3,"CAMA",0
"PI",2,3,"FUHE",0
"PI",2,3,"NASC",0
"PI",2,3,"TANI",2
"PI",2,4,"AMPH",3.5
"PI",2,4,"CAMA",0
"PI",2,4,"FUHE",0
"PI",2,4,"NASC",0
"PI",2,4,"TANI",1
"PI",3,1,"AMPH",0
"PI",3,1,"CAMA",1
"PI",3,1,"FUHE",0
"PI",3,1,"NASC",0
"PI",3,1,"TANI",1
"PI",3,2,"AMPH",2.33333333333333
"PI",3,2,"CAMA",0
"PI",3,2,"FUHE",0
"PI",3,2,"NASC",0
"PI",3,2,"TANI",0
"PI",3,3,"AMPH",8.66666666666667
"PI",3,3,"CAMA",0
"PI",3,3,"FUHE",0
"PI",3,3,"NASC",0
"PI",3,3,"TANI",1
"PI",3,4,"AMPH",16.3333333333333
"PI",3,4,"CAMA",0
"PI",3,4,"FUHE",0
"PI",3,4,"NASC",0
"PI",3,4,"TANI",1
"PI",4,1,"AMPH",0.5
"PI",4,1,"CAMA",0.5
"PI",4,1,"FUHE",0
"PI",4,1,"NASC",0
"PI",4,1,"TANI",0
"PI",4,2,"AMPH",11
"PI",4,2,"CAMA",12
"PI",4,2,"FUHE",0
"PI",4,2,"NASC",0
"PI",4,2,"TANI",0
"PI",4,3,"AMPH",2.33333333333333
"PI",4,3,"CAMA",1
"PI",4,3,"FUHE",0
"PI",4,3,"NASC",0
"PI",4,3,"TANI",0
"PI",4,4,"AMPH",6
"PI",4,4,"CAMA",1
"PI",4,4,"FUHE",0
"PI",4,4,"NASC",0
"PI",4,4,"TANI",0
"PI",4,NA,"AMPH",5
"PI",4,NA,"CAMA",0
"PI",4,NA,"FUHE",0
"PI",4,NA,"NASC",0
"PI",4,NA,"TANI",0
"PI",5,1,"AMPH",0
"PI",5,1,"CAMA",0
"PI",5,1,"FUHE",0
"PI",5,1,"NASC",0
"PI",5,1,"TANI",0
"PI",5,2,"AMPH",5.33333333333333
"PI",5,2,"CAMA",0
"PI",5,2,"FUHE",0
"PI",5,2,"NASC",0
"PI",5,2,"TANI",0
"PI",5,3,"AMPH",9.25
"PI",5,3,"CAMA",0
"PI",5,3,"FUHE",0
"PI",5,3,"NASC",0
"PI",5,3,"TANI",0
"PI",5,4,"AMPH",3
"PI",5,4,"CAMA",0
"PI",5,4,"FUHE",0
"PI",5,4,"NASC",0
"PI",5,4,"TANI",0
"PI",6,1,"AMPH",0
"PI",6,1,"CAMA",0
"PI",6,1,"FUHE",0
"PI",6,1,"NASC",0
"PI",6,1,"TANI",0
"PI",6,2,"AMPH",1
"PI",6,2,"CAMA",4
"PI",6,2,"FUHE",0
"PI",6,2,"NASC",0
"PI",6,2,"TANI",0
"PI",6,3,"AMPH",2
"PI",6,3,"CAMA",7
"PI",6,3,"FUHE",0
"PI",6,3,"NASC",0
"PI",6,3,"TANI",0
"PI",6,4,"AMPH",0
"PI",6,4,"CAMA",0
"PI",6,4,"FUHE",0
"PI",6,4,"NASC",0
"PI",6,4,"TANI",0
"PI",7,1,"AMPH",0
"PI",7,1,"CAMA",0
"PI",7,1,"FUHE",0
"PI",7,1,"NASC",0
"PI",7,1,"TANI",0
"PI",7,2,"AMPH",1
"PI",7,2,"CAMA",0
"PI",7,2,"FUHE",0
"PI",7,2,"NASC",0
"PI",7,2,"TANI",0
"PI",7,3,"AMPH",1.5
"PI",7,3,"CAMA",0
"PI",7,3,"FUHE",0
"PI",7,3,"NASC",0
"PI",7,3,"TANI",0
"PI",7,4,"AMPH",0.5
"PI",7,4,"CAMA",1
"PI",7,4,"FUHE",0
"PI",7,4,"NASC",0
"PI",7,4,"TANI",0
"PI",8,1,"AMPH",0
"PI",8,1,"CAMA",0
"PI",8,1,"FUHE",0
"PI",8,1,"NASC",0
"PI",8,1,"TANI",0
"PI",8,2,"AMPH",2
"PI",8,2,"CAMA",0
"PI",8,2,"FUHE",0
"PI",8,2,"NASC",0
"PI",8,2,"TANI",0
"PI",8,3,"AMPH",4.33333333333333
"PI",8,3,"CAMA",1
"PI",8,3,"FUHE",0
"PI",8,3,"NASC",0
"PI",8,3,"TANI",0
"PI",8,4,"AMPH",2
"PI",8,4,"CAMA",0
"PI",8,4,"FUHE",0
"PI",8,4,"NASC",0
"PI",8,4,"TANI",1
"PI",9,1,"AMPH",0
"PI",9,1,"CAMA",0
"PI",9,1,"FUHE",0
"PI",9,1,"NASC",0
"PI",9,1,"TANI",0
"PI",9,2,"AMPH",5.33333333333333
"PI",9,2,"CAMA",0
"PI",9,2,"FUHE",0
"PI",9,2,"NASC",0
"PI",9,2,"TANI",0
"PI",9,3,"AMPH",6.5
"PI",9,3,"CAMA",0
"PI",9,3,"FUHE",0
"PI",9,3,"NASC",0
"PI",9,3,"TANI",0
"PI",9,4,"AMPH",4.66666666666667
"PI",9,4,"CAMA",0
"PI",9,4,"FUHE",0
"PI",9,4,"NASC",0
"PI",9,4,"TANI",0
"PI",10,1,"AMPH",0
"PI",10,1,"CAMA",0
"PI",10,1,"FUHE",0
"PI",10,1,"NASC",0
"PI",10,1,"TANI",0
"PI",10,2,"AMPH",3
"PI",10,2,"CAMA",0
"PI",10,2,"FUHE",0
"PI",10,2,"NASC",0
"PI",10,2,"TANI",0
"PI",10,3,"AMPH",1
"PI",10,3,"CAMA",0
"PI",10,3,"FUHE",0
"PI",10,3,"NASC",0
"PI",10,3,"TANI",1
"PI",10,4,"AMPH",2.33333333333333
"PI",10,4,"CAMA",0
"PI",10,4,"FUHE",0
"PI",10,4,"NASC",0
"PI",10,4,"TANI",0
"PI",11,1,"AMPH",0
"PI",11,1,"CAMA",0
"PI",11,1,"FUHE",0
"PI",11,1,"NASC",0
"PI",11,1,"TANI",0
"PI",11,2,"AMPH",5.66666666666667
"PI",11,2,"CAMA",0
"PI",11,2,"FUHE",0
"PI",11,2,"NASC",20
"PI",11,2,"TANI",0
"PI",11,3,"AMPH",2
"PI",11,3,"CAMA",0
"PI",11,3,"FUHE",0
"PI",11,3,"NASC",0
"PI",11,3,"TANI",1.5
"PI",11,4,"AMPH",2.5
"PI",11,4,"CAMA",0
"PI",11,4,"FUHE",0
"PI",11,4,"NASC",0
"PI",11,4,"TANI",2
"PI",12,1,"AMPH",0
"PI",12,1,"CAMA",0
"PI",12,1,"FUHE",0
"PI",12,1,"NASC",0
"PI",12,1,"TANI",0
"PI",12,2,"AMPH",1.5
"PI",12,2,"CAMA",0
"PI",12,2,"FUHE",0
"PI",12,2,"NASC",0
"PI",12,2,"TANI",0
"PI",12,3,"AMPH",3.5
"PI",12,3,"CAMA",0
"PI",12,3,"FUHE",0
"PI",12,3,"NASC",0
"PI",12,3,"TANI",1
"PI",12,4,"AMPH",0.666666666666667
"PI",12,4,"CAMA",0
"PI",12,4,"FUHE",0
"PI",12,4,"NASC",0
"PI",12,4,"TANI",0
"PI",NA,NA,"AMPH",0
"PI",NA,NA,"CAMA",0
"PI",NA,NA,"FUHE",0
"PI",NA,NA,"NASC",0
"PI",NA,NA,"TANI",0
"PI15",1,1,"CAMA",0
"PI15",1,1,"CAMA.J",0.333333333333333
"PI15",1,1,"FUHE",0
"PI15",1,1,"PUGIO",0
"PI15",1,2,"CAMA",0
"PI15",1,2,"CAMA.J",0
"PI15",1,2,"FUHE",0
"PI15",1,2,"PUGIO",0
"PI15",1,3,"CAMA",0
"PI15",1,3,"CAMA.J",0
"PI15",1,3,"FUHE",0
"PI15",1,3,"PUGIO",0
"PI15",1,4,"CAMA",0
"PI15",1,4,"CAMA.J",0
"PI15",1,4,"FUHE",0
"PI15",1,4,"PUGIO",0.5
"PI15",2,1,"CAMA",0
"PI15",2,1,"CAMA.J",0
"PI15",2,1,"FUHE",0
"PI15",2,1,"PUGIO",0
"PI15",2,2,"CAMA",0
"PI15",2,2,"CAMA.J",0
"PI15",2,2,"FUHE",0
"PI15",2,2,"PUGIO",0
"PI15",2,3,"CAMA",0
"PI15",2,3,"CAMA.J",0
"PI15",2,3,"FUHE",0
"PI15",2,3,"PUGIO",0
"PI15",2,4,"CAMA",0
"PI15",2,4,"CAMA.J",0
"PI15",2,4,"FUHE",0
"PI15",2,4,"PUGIO",0
"PI15",3,1,"CAMA",0
"PI15",3,1,"CAMA.J",0
"PI15",3,1,"FUHE",0
"PI15",3,1,"PUGIO",0
"PI15",3,2,"CAMA",0
"PI15",3,2,"CAMA.J",0
"PI15",3,2,"FUHE",0
"PI15",3,2,"PUGIO",0
"PI15",3,3,"CAMA",0
"PI15",3,3,"CAMA.J",0
"PI15",3,3,"FUHE",0
"PI15",3,3,"PUGIO",0
"PI15",3,4,"CAMA",0.5
"PI15",3,4,"CAMA.J",0
"PI15",3,4,"FUHE",0
"PI15",3,4,"PUGIO",0
"PI15",4,1,"CAMA",0
"PI15",4,1,"CAMA.J",0
"PI15",4,1,"FUHE",0
"PI15",4,1,"PUGIO",0
"PI15",4,2,"CAMA",0
"PI15",4,2,"CAMA.J",0
"PI15",4,2,"FUHE",0
"PI15",4,2,"PUGIO",0
"PI15",4,3,"CAMA",0
"PI15",4,3,"CAMA.J",0
"PI15",4,3,"FUHE",0
"PI15",4,3,"PUGIO",0
"PI15",4,4,"CAMA",0
"PI15",4,4,"CAMA.J",0
"PI15",4,4,"FUHE",0
"PI15",4,4,"PUGIO",0
"PI15",5,1,"CAMA",0
"PI15",5,1,"CAMA.J",0
"PI15",5,1,"FUHE",0
"PI15",5,1,"PUGIO",0
"PI15",5,2,"CAMA",0
"PI15",5,2,"CAMA.J",0
"PI15",5,2,"FUHE",0
"PI15",5,2,"PUGIO",0
"PI15",5,3,"CAMA",0
"PI15",5,3,"CAMA.J",0
"PI15",5,3,"FUHE",0
"PI15",5,3,"PUGIO",0
"PI15",5,4,"CAMA",0
"PI15",5,4,"CAMA.J",0
"PI15",5,4,"FUHE",0
"PI15",5,4,"PUGIO",0
"PI15",6,1,"CAMA",0
"PI15",6,1,"CAMA.J",0
"PI15",6,1,"FUHE",0
"PI15",6,1,"PUGIO",0
"PI15",6,2,"CAMA",0
"PI15",6,2,"CAMA.J",0
"PI15",6,2,"FUHE",0
"PI15",6,2,"PUGIO",0
"PI15",6,3,"CAMA",0
"PI15",6,3,"CAMA.J",0
"PI15",6,3,"FUHE",0
"PI15",6,3,"PUGIO",0
"PI15",6,4,"CAMA",0
"PI15",6,4,"CAMA.J",0
"PI15",6,4,"FUHE",0
"PI15",6,4,"PUGIO",0
"PI15",7,1,"CAMA",0
"PI15",7,1,"CAMA.J",0
"PI15",7,1,"FUHE",0
"PI15",7,1,"PUGIO",0
"PI15",7,2,"CAMA",0
"PI15",7,2,"CAMA.J",0
"PI15",7,2,"FUHE",0
"PI15",7,2,"PUGIO",0
"PI15",7,3,"CAMA",0
"PI15",7,3,"CAMA.J",0
"PI15",7,3,"FUHE",0
"PI15",7,3,"PUGIO",0
"PI15",7,4,"CAMA",0
"PI15",7,4,"CAMA.J",0
"PI15",7,4,"FUHE",0
"PI15",7,4,"PUGIO",0
"PI15",8,1,"CAMA",0.6
"PI15",8,1,"CAMA.J",0
"PI15",8,1,"FUHE",0
"PI15",8,1,"PUGIO",0
"PI15",8,2,"CAMA",0.2
"PI15",8,2,"CAMA.J",0
"PI15",8,2,"FUHE",0
"PI15",8,2,"PUGIO",0
"PI15",8,3,"CAMA",0
"PI15",8,3,"CAMA.J",0
"PI15",8,3,"FUHE",0
"PI15",8,3,"PUGIO",0
"PI15",8,4,"CAMA",0
"PI15",8,4,"CAMA.J",0
"PI15",8,4,"FUHE",0
"PI15",8,4,"PUGIO",0
"PI15",9,1,"CAMA",0
"PI15",9,1,"CAMA.J",0
"PI15",9,1,"FUHE",0
"PI15",9,1,"PUGIO",0
"PI15",9,2,"CAMA",0
"PI15",9,2,"CAMA.J",0
"PI15",9,2,"FUHE",0
"PI15",9,2,"PUGIO",0
"PI15",9,3,"CAMA",0
"PI15",9,3,"CAMA.J",0
"PI15",9,3,"FUHE",0
"PI15",9,3,"PUGIO",0
"PI15",9,4,"CAMA",0
"PI15",9,4,"CAMA.J",0
"PI15",9,4,"FUHE",0
"PI15",9,4,"PUGIO",0
"PI15",10,1,"CAMA",0
"PI15",10,1,"CAMA.J",0
"PI15",10,1,"FUHE",0
"PI15",10,1,"PUGIO",0
"PI15",10,2,"CAMA",0
"PI15",10,2,"CAMA.J",0
"PI15",10,2,"FUHE",0
"PI15",10,2,"PUGIO",0
"PI15",10,3,"CAMA",0
"PI15",10,3,"CAMA.J",0
"PI15",10,3,"FUHE",0
"PI15",10,3,"PUGIO",0
"PI15",10,4,"CAMA",0.25
"PI15",10,4,"CAMA.J",0
"PI15",10,4,"FUHE",0
"PI15",10,4,"PUGIO",0
"PI15",11,1,"CAMA",0.333333333333333
"PI15",11,1,"CAMA.J",0
"PI15",11,1,"FUHE",0
"PI15",11,1,"PUGIO",0
"PI15",11,2,"CAMA",0
"PI15",11,2,"CAMA.J",0
"PI15",11,2,"FUHE",0
"PI15",11,2,"PUGIO",0
"PI15",11,3,"CAMA",0
"PI15",11,3,"CAMA.J",0
"PI15",11,3,"FUHE",0
"PI15",11,3,"PUGIO",0
"PI15",11,4,"CAMA",0
"PI15",11,4,"CAMA.J",0
"PI15",11,4,"FUHE",0
"PI15",11,4,"PUGIO",0
"PI15",12,1,"CAMA",0.333333333333333
"PI15",12,1,"CAMA.J",0
"PI15",12,1,"FUHE",0
"PI15",12,1,"PUGIO",0
"PI15",12,2,"CAMA",0
"PI15",12,2,"CAMA.J",0
"PI15",12,2,"FUHE",0
"PI15",12,2,"PUGIO",0
"PI15",12,3,"CAMA",0
"PI15",12,3,"CAMA.J",0
"PI15",12,3,"FUHE",0
"PI15",12,3,"PUGIO",0
"PI15",12,4,"CAMA",0
"PI15",12,4,"CAMA.J",0
"PI15",12,4,"FUHE",0
"PI15",12,4,"PUGIO",0
"SQ",1,1,"CAMA",0
"SQ",1,1,"UPX",0
"SQ",1,2,"CAMA",0
"SQ",1,2,"UPX",0
"SQ",1,3,"CAMA",0
"SQ",1,3,"UPX",0
"SQ",1,4,"CAMA",0.5
"SQ",1,4,"UPX",0
"SQ",2,1,"CAMA",0
"SQ",2,1,"UPX",0
"SQ",2,2,"CAMA",0
"SQ",2,2,"UPX",0
"SQ",2,3,"CAMA",0
"SQ",2,3,"UPX",0
"SQ",2,4,"CAMA",0
"SQ",2,4,"UPX",0
"SQ",3,1,"CAMA",0.5
"SQ",3,1,"UPX",0
"SQ",3,2,"CAMA",0
"SQ",3,2,"UPX",0
"SQ",3,3,"CAMA",0
"SQ",3,3,"UPX",0
"SQ",3,4,"CAMA",0
"SQ",3,4,"UPX",0
"SQ",4,1,"CAMA",0
"SQ",4,1,"UPX",0
"SQ",4,2,"CAMA",0
"SQ",4,2,"UPX",0
"SQ",4,3,"CAMA",0
"SQ",4,3,"UPX",0
"SQ",4,4,"CAMA",0
"SQ",4,4,"UPX",0
"SQ",5,1,"CAMA",0.333333333333333
"SQ",5,1,"UPX",0
"SQ",5,2,"CAMA",0
"SQ",5,2,"UPX",0
"SQ",5,3,"CAMA",0
"SQ",5,3,"UPX",0
"SQ",5,4,"CAMA",0
"SQ",5,4,"UPX",0
"SQ",6,1,"CAMA",1
"SQ",6,1,"UPX",0
"SQ",6,2,"CAMA",0
"SQ",6,2,"UPX",0
"SQ",6,3,"CAMA",0
"SQ",6,3,"UPX",0
"SQ",6,4,"CAMA",0
"SQ",6,4,"UPX",1
"SQ",7,1,"CAMA",0.25
"SQ",7,1,"UPX",0
"SQ",7,2,"CAMA",0
"SQ",7,2,"UPX",0
"SQ",7,3,"CAMA",0
"SQ",7,3,"UPX",0
"SQ",7,4,"CAMA",0
"SQ",7,4,"UPX",0
"SQ",8,1,"CAMA",0.75
"SQ",8,1,"UPX",0
"SQ",8,2,"CAMA",0.25
"SQ",8,2,"UPX",0
"SQ",8,3,"CAMA",0
"SQ",8,3,"UPX",0
"SQ",8,4,"CAMA",0
"SQ",8,4,"UPX",0
"SQ",9,1,"CAMA",0
"SQ",9,1,"UPX",0
"SQ",9,2,"CAMA",0
"SQ",9,2,"UPX",0
"SQ",9,3,"CAMA",0
"SQ",9,3,"UPX",0.333333333333333
"SQ",9,4,"CAMA",0
"SQ",9,4,"UPX",0
"SQ",10,1,"CAMA",0
"SQ",10,1,"UPX",0
"SQ",10,2,"CAMA",0
"SQ",10,2,"UPX",0
"SQ",10,3,"CAMA",0
"SQ",10,3,"UPX",0
"SQ",10,4,"CAMA",0.25
"SQ",10,4,"UPX",0
"SQ",11,1,"CAMA",0.333333333333333
"SQ",11,1,"UPX",0
"SQ",11,2,"CAMA",0
"SQ",11,2,"UPX",0
"SQ",11,3,"CAMA",0
"SQ",11,3,"UPX",0
"SQ",11,4,"CAMA",0
"SQ",11,4,"UPX",0
"SQ",12,1,"CAMA",0.333333333333333
"SQ",12,1,"UPX",0
"SQ",12,2,"CAMA",0
"SQ",12,2,"UPX",0
"SQ",12,3,"CAMA",0
"SQ",12,3,"UPX",0
"SQ",12,4,"CAMA",0
"SQ",12,4,"UPX",0
"W",1,1,"CAMA",1
"W",1,1,"CAMA.1",0
"W",1,1,"CASA",0
"W",1,1,"HESA",0
"W",1,1,"UPU",0
"W",1,1,"UPU.1",0
"W",1,1,"UPX",1.66666666666667
"W",1,1,"UPX.1",7
"W",1,2,"CAMA",0
"W",1,2,"CAMA.1",0
"W",1,2,"CASA",0
"W",1,2,"HESA",0
"W",1,2,"UPU",0
"W",1,2,"UPU.1",0
"W",1,2,"UPX",1
"W",1,2,"UPX.1",6.5
"W",1,3,"CAMA",0
"W",1,3,"CAMA.1",0
"W",1,3,"CASA",0
"W",1,3,"HESA",0
"W",1,3,"UPU",0
"W",1,3,"UPU.1",0
"W",1,3,"UPX",1.66666666666667
"W",1,3,"UPX.1",6
"W",1,4,"CAMA",0
"W",1,4,"CAMA.1",0
"W",1,4,"CASA",0
"W",1,4,"HESA",0
"W",1,4,"UPU",0
"W",1,4,"UPU.1",0
"W",1,4,"UPX",0
"W",1,4,"UPX.1",1
"W",2,1,"CAMA",0
"W",2,1,"CAMA.1",0
"W",2,1,"CASA",0
"W",2,1,"HESA",0
"W",2,1,"UPU",0
"W",2,1,"UPU.1",0
"W",2,1,"UPX",0.333333333333333
"W",2,1,"UPX.1",2
"W",2,2,"CAMA",0
"W",2,2,"CAMA.1",0
"W",2,2,"CASA",0
"W",2,2,"HESA",0
"W",2,2,"UPU",0
"W",2,2,"UPU.1",0
"W",2,2,"UPX",5
"W",2,2,"UPX.1",7.5
"W",2,3,"CAMA",0
"W",2,3,"CAMA.1",0
"W",2,3,"CASA",0
"W",2,3,"HESA",0
"W",2,3,"UPU",0
"W",2,3,"UPU.1",0
"W",2,3,"UPX",3.66666666666667
"W",2,3,"UPX.1",1.66666666666667
"W",2,4,"CAMA",0
"W",2,4,"CAMA.1",0
"W",2,4,"CASA",0
"W",2,4,"HESA",0
"W",2,4,"UPU",0
"W",2,4,"UPU.1",0
"W",2,4,"UPX",0
"W",2,4,"UPX.1",4
"W",3,1,"CAMA",0
"W",3,1,"CAMA.1",1
"W",3,1,"CASA",0
"W",3,1,"HESA",0
"W",3,1,"UPU",0
"W",3,1,"UPU.1",0
"W",3,1,"UPX",0
"W",3,1,"UPX.1",0
"W",3,2,"CAMA",0
"W",3,2,"CAMA.1",0
"W",3,2,"CASA",0
"W",3,2,"HESA",0
"W",3,2,"UPU",3
"W",3,2,"UPU.1",10
"W",3,2,"UPX",7
"W",3,2,"UPX.1",7.5
"W",3,3,"CAMA",0
"W",3,3,"CAMA.1",0
"W",3,3,"CASA",0
"W",3,3,"HESA",0
"W",3,3,"UPU",0
"W",3,3,"UPU.1",3
"W",3,3,"UPX",0.5
"W",3,3,"UPX.1",3
"W",3,4,"CAMA",0
"W",3,4,"CAMA.1",0
"W",3,4,"CASA",0
"W",3,4,"HESA",0
"W",3,4,"UPU",1
"W",3,4,"UPU.1",1
"W",3,4,"UPX",1
"W",3,4,"UPX.1",4
"W",4,1,"CAMA",0
"W",4,1,"CAMA.1",0
"W",4,1,"CASA",0
"W",4,1,"HESA",0
"W",4,1,"UPU",0
"W",4,1,"UPU.1",0
"W",4,1,"UPX",1.5
"W",4,1,"UPX.1",0
"W",4,2,"CAMA",0
"W",4,2,"CAMA.1",0
"W",4,2,"CASA",0
"W",4,2,"HESA",0
"W",4,2,"UPU",0
"W",4,2,"UPU.1",0
"W",4,2,"UPX",1
"W",4,2,"UPX.1",5
"W",4,3,"CAMA",0
"W",4,3,"CAMA.1",0
"W",4,3,"CASA",0
"W",4,3,"HESA",0
"W",4,3,"UPU",2
"W",4,3,"UPU.1",5
"W",4,3,"UPX",2
"W",4,3,"UPX.1",3.5
"W",4,4,"CAMA",0
"W",4,4,"CAMA.1",0
"W",4,4,"CASA",0
"W",4,4,"HESA",0
"W",4,4,"UPU",0
"W",4,4,"UPU.1",0
"W",4,4,"UPX",3
"W",4,4,"UPX.1",4
"W",5,1,"CAMA",1
"W",5,1,"CAMA.1",0
"W",5,1,"CASA",0
"W",5,1,"HESA",0
"W",5,1,"UPU",0
"W",5,1,"UPU.1",0
"W",5,1,"UPX",0
"W",5,1,"UPX.1",0
"W",5,2,"CAMA",0
"W",5,2,"CAMA.1",0
"W",5,2,"CASA",0
"W",5,2,"HESA",0
"W",5,2,"UPU",0
"W",5,2,"UPU.1",0
"W",5,2,"UPX",8
"W",5,2,"UPX.1",2.66666666666667
"W",5,3,"CAMA",0
"W",5,3,"CAMA.1",0
"W",5,3,"CASA",0
"W",5,3,"HESA",0
"W",5,3,"UPU",1
"W",5,3,"UPU.1",0
"W",5,3,"UPX",4.66666666666667
"W",5,3,"UPX.1",2.5
"W",5,4,"CAMA",0
"W",5,4,"CAMA.1",0
"W",5,4,"CASA",0
"W",5,4,"HESA",0
"W",5,4,"UPU",1
"W",5,4,"UPU.1",0
"W",5,4,"UPX",0
"W",5,4,"UPX.1",1
"W",6,1,"CAMA",1
"W",6,1,"CAMA.1",0
"W",6,1,"CASA",0
"W",6,1,"HESA",0
"W",6,1,"UPU",0
"W",6,1,"UPU.1",0
"W",6,1,"UPX",1
"W",6,1,"UPX.1",0.5
"W",6,2,"CAMA",0
"W",6,2,"CAMA.1",0
"W",6,2,"CASA",0
"W",6,2,"HESA",0
"W",6,2,"UPU",0
"W",6,2,"UPU.1",0
"W",6,2,"UPX",1.5
"W",6,2,"UPX.1",3
"W",6,3,"CAMA",0
"W",6,3,"CAMA.1",0
"W",6,3,"CASA",0
"W",6,3,"HESA",0
"W",6,3,"UPU",0
"W",6,3,"UPU.1",0
"W",6,3,"UPX",1.33333333333333
"W",6,3,"UPX.1",2
"W",6,4,"CAMA",0
"W",6,4,"CAMA.1",0
"W",6,4,"CASA",0
"W",6,4,"HESA",0
"W",6,4,"UPU",0
"W",6,4,"UPU.1",0
"W",6,4,"UPX",2.66666666666667
"W",6,4,"UPX.1",2.5
"W",7,1,"CAMA",0
"W",7,1,"CAMA.1",0
"W",7,1,"CASA",0
"W",7,1,"HESA",0
"W",7,1,"UPU",0
"W",7,1,"UPU.1",0
"W",7,1,"UPX",0
"W",7,1,"UPX.1",1
"W",7,2,"CAMA",0
"W",7,2,"CAMA.1",0
"W",7,2,"CASA",0
"W",7,2,"HESA",0
"W",7,2,"UPU",0
"W",7,2,"UPU.1",0
"W",7,2,"UPX",3
"W",7,2,"UPX.1",0
"W",7,3,"CAMA",1
"W",7,3,"CAMA.1",0
"W",7,3,"CASA",1
"W",7,3,"HESA",1
"W",7,3,"UPU",6
"W",7,3,"UPU.1",9
"W",7,3,"UPX",1
"W",7,3,"UPX.1",0
"W",7,4,"CAMA",0
"W",7,4,"CAMA.1",0
"W",7,4,"CASA",0
"W",7,4,"HESA",0
"W",7,4,"UPU",0
"W",7,4,"UPU.1",2
"W",7,4,"UPX",4
"W",7,4,"UPX.1",3
"W",8,1,"CAMA",0
"W",8,1,"CAMA.1",2
"W",8,1,"CASA",0
"W",8,1,"HESA",0
"W",8,1,"UPU",0
"W",8,1,"UPU.1",0
"W",8,1,"UPX",0
"W",8,1,"UPX.1",0
"W",8,2,"CAMA",0
"W",8,2,"CAMA.1",0
"W",8,2,"CASA",0
"W",8,2,"HESA",0
"W",8,2,"UPU",1
"W",8,2,"UPU.1",0
"W",8,2,"UPX",4
"W",8,2,"UPX.1",0
"W",8,3,"CAMA",0
"W",8,3,"CAMA.1",0
"W",8,3,"CASA",0
"W",8,3,"HESA",0
"W",8,3,"UPU",1
"W",8,3,"UPU.1",0
"W",8,3,"UPX",6
"W",8,3,"UPX.1",0
"W",8,4,"CAMA",0
"W",8,4,"CAMA.1",0
"W",8,4,"CASA",0
"W",8,4,"HESA",0
"W",8,4,"UPU",3
"W",8,4,"UPU.1",1
"W",8,4,"UPX",5
"W",8,4,"UPX.1",2
"W",9,1,"CAMA",0
"W",9,1,"CAMA.1",1.66666666666667
"W",9,1,"CASA",0
"W",9,1,"HESA",0
"W",9,1,"UPU",1
"W",9,1,"UPU.1",0
"W",9,1,"UPX",0
"W",9,1,"UPX.1",0
"W",9,2,"CAMA",0
"W",9,2,"CAMA.1",1.33333333333333
"W",9,2,"CASA",0
"W",9,2,"HESA",0
"W",9,2,"UPU",4.33333333333333
"W",9,2,"UPU.1",11
"W",9,2,"UPX",0
"W",9,2,"UPX.1",0
"W",9,3,"CAMA",0
"W",9,3,"CAMA.1",0
"W",9,3,"CASA",0
"W",9,3,"HESA",0
"W",9,3,"UPU",3
"W",9,3,"UPU.1",2.33333333333333
"W",9,3,"UPX",2
"W",9,3,"UPX.1",0
"W",9,4,"CAMA",0.666666666666667
"W",9,4,"CAMA.1",2.66666666666667
"W",9,4,"CASA",0
"W",9,4,"HESA",0
"W",9,4,"UPU",3
"W",9,4,"UPU.1",7.33333333333333
"W",9,4,"UPX",2
"W",9,4,"UPX.1",0
"W",10,1,"CAMA",0
"W",10,1,"CAMA.1",0.333333333333333
"W",10,1,"CASA",0
"W",10,1,"HESA",0
"W",10,1,"UPU",0
"W",10,1,"UPU.1",0
"W",10,1,"UPX",0
"W",10,1,"UPX.1",0
"W",10,2,"CAMA",0
"W",10,2,"CAMA.1",0.25
"W",10,2,"CASA",0
"W",10,2,"HESA",0
"W",10,2,"UPU",3.33333333333333
"W",10,2,"UPU.1",19
"W",10,2,"UPX",1
"W",10,2,"UPX.1",4
"W",10,3,"CAMA",0
"W",10,3,"CAMA.1",1.5
"W",10,3,"CASA",0
"W",10,3,"HESA",0
"W",10,3,"UPU",3.33333333333333
"W",10,3,"UPU.1",18
"W",10,3,"UPX",0
"W",10,3,"UPX.1",12
"W",10,4,"CAMA",0
"W",10,4,"CAMA.1",0
"W",10,4,"CASA",0
"W",10,4,"HESA",0
"W",10,4,"UPU",2.33333333333333
"W",10,4,"UPU.1",8.66666666666667
"W",10,4,"UPX",0
"W",10,4,"UPX.1",0
"W",11,1,"CAMA",0.5
"W",11,1,"CAMA.1",0.5
"W",11,1,"CASA",0
"W",11,1,"HESA",0
"W",11,1,"UPU",0.5
"W",11,1,"UPU.1",1
"W",11,1,"UPX",0
"W",11,1,"UPX.1",0
"W",11,2,"CAMA",0
"W",11,2,"CAMA.1",0
"W",11,2,"CASA",0
"W",11,2,"HESA",0
"W",11,2,"UPU",3
"W",11,2,"UPU.1",13
"W",11,2,"UPX",2
"W",11,2,"UPX.1",6
"W",11,3,"CAMA",0.5
"W",11,3,"CAMA.1",0
"W",11,3,"CASA",0
"W",11,3,"HESA",0
"W",11,3,"UPU",6.66666666666667
"W",11,3,"UPU.1",4
"W",11,3,"UPX",0
"W",11,3,"UPX.1",9
"W",11,4,"CAMA",0
"W",11,4,"CAMA.1",0
"W",11,4,"CASA",0
"W",11,4,"HESA",0
"W",11,4,"UPU",4
"W",11,4,"UPU.1",9.5
"W",11,4,"UPX",0
"W",11,4,"UPX.1",4
"W",12,1,"CAMA",0
"W",12,1,"CAMA.1",0
"W",12,1,"CASA",0
"W",12,1,"HESA",0
"W",12,1,"UPU",0
"W",12,1,"UPU.1",0
"W",12,1,"UPX",0
"W",12,1,"UPX.1",0
"W",12,2,"CAMA",0
"W",12,2,"CAMA.1",1
"W",12,2,"CASA",0
"W",12,2,"HESA",0
"W",12,2,"UPU",0
"W",12,2,"UPU.1",2.66666666666667
"W",12,2,"UPX",0
"W",12,2,"UPX.1",2
"W",12,3,"CAMA",0
"W",12,3,"CAMA.1",0
"W",12,3,"CASA",0
"W",12,3,"HESA",0
"W",12,3,"UPU",0
"W",12,3,"UPU.1",1
"W",12,3,"UPX",0
"W",12,3,"UPX.1",0
"W",12,4,"CAMA",2
"W",12,4,"CAMA.1",3
"W",12,4,"CASA",0
"W",12,4,"HESA",2
"W",12,4,"UPU",4.33333333333333
"W",12,4,"UPU.1",7
"W",12,4,"UPX",2
"W",12,4,"UPX.1",9
